source_round,unit_id,unit_kind,stratum,text,annotator,finding,criterion_id,note
OTES_officially_document.docx_compressed.pdf#5acb1fca,UC-021,Use case,duplicate_uc_id,Use Case Version 2.0 Use Case Name Close a group Author Nguyen Kim Hung Thai Date 09/08/2020 Priority High Actor: - Lecturer Summary: - This use describes how lecturer close a group Goal: - Lecturer closes a group of students. Triggers: - Lecturer sends a close group command. Preconditions:,,,,
OTES_officially_document.docx_compressed.pdf#5acb1fca,UC-04,Use case,duplicate_uc_id,Use Case Version 2.0 Use Case Name Join classroom Author Nguyễn Minh Hiếu Date 09/08/2020 Priority Normal Actor: - Student Summary: - This use case allows student to join the classroom. Goal: - Student can join the classroom. Triggers: - Student sends a joint classroom command.,,,,
OTES_officially_document.docx_compressed.pdf#5acb1fca,SEC-2.1.1,Non-functional,nfr_as_prose,"▪ GUI should be simple, clear , intuitive, and reminiscent. ▪ The interface design is an iterate process including: ▪ Design ▪ Sketching ▪ Prototyping ▪ User assessment. ▪ The User Interface uses language is English.",,,,
OTES_officially_document.docx_compressed.pdf#5acb1fca,SEC-1,Section,other,o Students can rewind to see the part that they don't understand. o Students can learn at any time.,,,,
OTES_officially_document.docx_compressed.pdf#5acb1fca,SEC-1-p13,Section,other,● Manage a semester . ● Manage subject-class. ● Manage class schedule. ● Manage students. ● Manage lecturer . ● Manage courses. ● Manage student-class.,,,,
OTES_officially_document.docx_compressed.pdf#5acb1fca,SEC-1.1.2.3,Functional,other,● Login: Login with Gmail account or the student’s code of a student. ● Join room: the room which is auto enrolled according to the schedule. ● Control mic and camera: Mute/Unmute lecturer’s audio or video when studying online. ● Control mic and camera of student: Choose the student who needs to mute/unmute student audio or video when studying online. ● Kick : kick the student outside the room ● Sharing: chose the screen’s want to share content. ● Make a exam: Doing a quiz in online mode or offline mode,,,,
OTES_officially_document.docx_compressed.pdf#5acb1fca,SEC-14,Section,other,"14 3.4 All Meeting Minutes All sprint meeting minutes could be found here. 4. Coding convention Angular: Using to develop web admin Naming Convention: ● Name the variable, the function name must be meaningful. ● Variable names and function names should be formatted in the camel case. ● The constant name must be all capital letters, separated words by the underscore character ""_"". Ex: MAX_INTERATION. ● Do not import redundant libraries. ● Do not declare redundancy variables: redundancy variables physically, and logically. ● The first word of a variable name should be a noun. The first word of a function name should be a verb. Layout Conventions: ● Write only one statement/declaration per line. ● Always end a statement with a semicolon. ● Not allowing setState() to be invoked on Render() of Angular Component. ● Add at least one blank line between method and property definitions. ● Indent continuation one tab stop (four spaces). ● from their operands by spaces Commenting Conventions:",,,,
OTES_officially_document.docx_compressed.pdf#5acb1fca,SEC-16,Section,other,4.2 Class diagram explanation Class dictionary: describe Class Class Name Mapping column with Description Conceptual diagram Role Role Contain the role information. User User Contain the user information. Attendance Attendance Contain the attendance information Schedule Schedule Contain the schedule information. Semester Semester Contain the semester information. SubjectClass SubjectClass Contain the subject class information. Course Course Contain the course information. ClassStudent ClassStudent Contain the student in class information. StudentClassSyllabus StudentClassSyllabus Contain the Student Syllabus information. Syllabus Syllabus Contain the Syllabus information. 4.2.1 Role Attribute Type Visibility Description Id int Private Unique identifier of an role,,,,
OTES_officially_document.docx_compressed.pdf#5acb1fca,SEC-17-p174,Section,other,Turn on/ Turn on/ off user’s 4 Turn on/ off camera N/A off camera camera Change 5 Change grid view N/A Change position of view grid view Share 6 Share screen N/A Share user’s screen screen User send raise hand 7 Raise hand Raise hand signal N/A signal View list Redirect to view 8 participant View list participants N/A participants screen s 9 Chat Chat with participants N/A Redirect to chat screen 5.1.4 View chat Fields N Field Read Mandator Control Data Description Length o Name only y Type Type 1 Select Choose No Y es dropdow String N/A participant participant to n s chat 2 Message Input chat Y es Y es Text String N/A message 3 Chat time N/A Y es Y es Date time String N/A,,,,
OTES_officially_document.docx_compressed.pdf#5acb1fca,SEC-17-p178,Section,other,mode 5.1.7 Lecturer view attendance Fields N Field Read Mandator Control Data Description Length o Name only y Type Type 1 Student’s Student’s code Y es Y es Text String N/A code 2 Student’s Student’s Y es Y es Text String N/A name name 3 Attendance Attendance Y es Y es Text String N/A status status 5.1.8 Lecturer set exam,,,,
OTES_officially_document.docx_compressed.pdf#5acb1fca,SEC-19-p195,Section,other,"Install Jitsi at server side Step 1: Open cmd in the directory where you want to save the project. Step 2: Copy and paste the following commands into cmd: - git clone https://github.com/jitsi/docker-jitsi-meet && cd docker-jitsi meet - copy env .example .env - .\gen-passwords.sh - mkdir -p ~\.jitsi-meet-cfg\{web/letsencrypt,transcripts,prosody\ config,prosody\prosody-plugins-custom,jicofo,jvb,jigasi,ji bri} * switch docker to linux container if not done yet - docker-compose up –d Step 3: check the results at: https://localhost:8443",,,,
OTES_officially_document.docx_compressed.pdf#5acb1fca,SEC-2-p20-2,Section,other,"Front-end HTML5, CSS 3, JavaScript ES6, jQuery 3.1, Bootstrap 4.1, Angular 8, Electron Back-end .NET Core 3.1 Visual Studio 2019 IDE VS Code 1.30.1 DBMS My SQL Sourcetree v3.0.15 Source Control Google Drive Modeling tool StarUML, LucidChart",,,,
OTES_officially_document.docx_compressed.pdf#5acb1fca,SEC-2-p27,Section,other,"Relationships: N/A Business Rules: - After login to the system, the user will be redirected to a specific view based on their role on the system: lecturer or student. - o If the role is “Lecturer” , the system will display a lecturer’s schedule view. - o If the role is “Student” , the system will display a student’s schedule view.",,,,
OTES_officially_document.docx_compressed.pdf#5acb1fca,SEC-21-p211,Section,other,Step Description 1 Click on “take attendance” button 1.1.3.10 Lecturer view attendance,,,,
OTES_officially_document.docx_compressed.pdf#5acb1fca,UC-025,Use case,other,Use Case Version 2.0 Use Case Name Change presentation screen Author Nguyen Kim Hung Thai Date 09/08/2020 Priority High Actor: - Lecturer Summary:,,,,
OTES_officially_document.docx_compressed.pdf#5acb1fca,UC-054,Use case,other,Use Case Version 2.0,,,,
OTES_officially_document.docx_compressed.pdf#5acb1fca,UC-41,Use case,other,Use Case Version 2.0 Use Case Name Import Lecturers Author Cao Văn Phú Date 09/08/2020 Priority High Actor: - Admin. Summary: - Import the sorted list of lecturer into the database . Goal: - The list lecturers are added to the database. Triggers: - Admin send the request to import file Excel is formatted. Preconditions: - Admin has logged into the system.,,,,
OTES_officially_document.docx_compressed.pdf#5acb1fca,SEC-10-p109,Section,section_is_uc_body,"Post Conditions: - Success: Admin views a list of lectures . - Fail: Admin cannot view a list of lectures. Main success scenario: Step Actor Action System Response 1 Admin goes to subject class view and sends commands to get all a lecture The system gets all the lectures which are to the system. “active” . [Exception 1] Alternatives: N/A Exceptions: # Cause System Response 1 Data about all lecturers on the database doesn't exist. The system will show the notification, ""No data available"". Relationships: <Admin> Get lecturer Business Rules: - The result is to get students that contain complete information about lecturer including: o Name: Name of this lecturer . o Email : email of this lecturer . o Code: lecturercode. o RoleName: default value is “Lecturer” . 2.3.5.6 <Admin> Import lecturers",,,,
OTES_officially_document.docx_compressed.pdf#5acb1fca,SEC-11-p115,Section,section_is_uc_body,"- Student exists in the database. Post Conditions: - Success: This lecturer has been removed. - Fail: In the database still exist this lecturer . Main success scenario: Step Actor Action System Response Admin delete chosen student. 1 System delete that lecturer in database [Exception 1] Alternatives: N/A Exceptions: # Cause System Response 1 Connection fail. The system will show the notification, ""Delete fail!"". Relationships: <Admin> Get lecturer Business Rules: - The result is to delete students that contain complete information about result including: ○ Status : is success status boolean value 1.3.5.23 <Admin>Get student in class",,,,
OTES_officially_document.docx_compressed.pdf#5acb1fca,SEC-13-p135,Section,section_is_uc_body,"Use Case Name Export courses Author Trần Văn Bình Date 09/08/2020 Priority High Actor: - Admin Summary: - This use case allows admin to export a list of courses in Excel file d download. Goal: - admin could download a file which contains a list of course. Triggers: - admin sends a request to the system to get list of courses. Preconditions: - A user login to the system as admin role. - A course, which needs to be export, exists in the database. Post Conditions: - Success: A list of courses in the database is saved in excel file d is allowed to be downloaded by the user . - Fail: Can't download the excel file. Main success scenario: Step Actor Action System Response 1 Admin sends command to system go get data. The system gets a list of courses in database and save in excel file and then download to user’s computer . [Exception 1] Alternatives: N/A Exceptions: Step Actor Action System Response",,,,
OTES_officially_document.docx_compressed.pdf#5acb1fca,SEC-14-p145,Section,section_is_uc_body,"Main success scenario: Step Actor Action System Response 1 Admin goes to schedule view. The system displays the list semester . 2 Admin chooses the schedule which needs to delete. 3 Admin sends command delete that schedule. The system finds the schedule, which is chosen, and then the system deletes this schedule in database. Show success message. [Exception 1] Alternatives: N/A Exceptions: Step Actor Action System Response 1 Cannot connect to the server The system will show the notification, ""Network Error"". Relationships: <Admin> Get schedule Business Rules: - Delete a semester request will be sent to the system with schedule’s id. - When admin complete delete process, the schedule, which has been deleted, has “disable” status. - The system requires information from admin: Schedule information: + ScheduleId: integer , required. - A notification will be sent to admin after the process is completed. 1.1.1.13. <Admin>Get subject classes",,,,
OTES_officially_document.docx_compressed.pdf#5acb1fca,SEC-4-p42,Section,section_is_uc_body,"Goal: - User can chat with class participants. Triggers: - User sends a chat command. Preconditions: - User has login into system with role Student or Lecturer - User has joined the classroom. Post Conditions: - Success: User can chat with each other . - Fail: User can’t chat with another participant. Main success scenario: Step Actor Action System Response 1 User goes to chat view The system displays a chat view to the user and gets all participants in the room. 2 User selects chat one or chat many. 3 User enters a message to the chat box. 4 User sends message commands The system gets request from user: - If user selects a chat one – one, the system displays the message only for the participant that is chosen. The system required information from user: + Participant Id: text, required. - If user selects a chat one – many, the system displays the message for all participants. [Exception 1] Alternatives: N/A Exceptions: Step Actor Action System Response",,,,
OTES_officially_document.docx_compressed.pdf#5acb1fca,SEC-9-p98,Section,section_is_uc_body,- Lecturer Summary: - This use case helps the lecturer join the teaching classroom. Goal: - Lecturer can join into the teaching room. Triggers: - Lecturer send join teaching room command. Preconditions: - Lecturer logged in the system. Post Conditions: - Success: Lecturer joins into the teaching room. - Fail: Lecturer cannot join into the teaching room. Main success scenario: Step Actor Action System Response 1 Lecturer send a join classroom command The system connects student to that room and gets local streams from microphone and camera. [Exception 1] Alternatives: N/A Exceptions: Step Actor Action System Response 1 Lecturer sends a joint classroom command. The system connects cannot student to that room and cannot get local streams from microphone and camera. Relationships: <Lecturer>View teaching schedule Business Rules: - The lecturer will be connected to the room based on their schedule.,,,,
OTES_officially_document.docx_compressed.pdf#5acb1fca,UC-58,Use case,uc_with_main_flow,Use Case Version 2.0 Use Case Name Import schedules Author Trần Văn Bình Date 09/08/2020 Priority High Actor: - Admin. Summary: - This use case allows admin to import a list of schedules. Goal: - The list of schedules is added into the database. Triggers: - Admin sends the request to import file excel file. Preconditions: - Admin has logged into the system. - Admin has a excel file is formatted. Post Conditions: - Success: A list of schedules added to the database. - Fail: Cannot import a list of schedules. Main success scenario:,,,,
